Repository;FileName;Line Index;Line Date;Line Author;Line Length
trial-css-filter;.gitignore;1;1;1;6
trial-css-filter;.gitignore;2;1;1;4
trial-css-filter;.gitignore;3;1;1;5
trial-css-filter;.gitignore;4;1;1;14
trial-css-filter;.gitignore;5;1;1;15
trial-css-filter;.gitignore;6;1;1;15
trial-css-filter;.gitignore;7;1;1;16
trial-css-filter;.gitignore;8;1;1;0
trial-css-filter;.gitignore;9;1;1;57
trial-css-filter;.gitignore;10;1;1;39
trial-css-filter;.gitignore;11;1;1;0
trial-css-filter;.gitignore;12;1;1;14
trial-css-filter;.gitignore;13;1;1;4
trial-css-filter;.gitignore;14;1;1;5
trial-css-filter;.gitignore;15;1;1;6
trial-css-filter;.gitignore;16;1;1;10
trial-css-filter;.gitignore;17;1;1;0
trial-css-filter;.gitignore;18;1;1;65
trial-css-filter;.gitignore;19;1;1;7
trial-css-filter;.gitignore;20;1;1;0
trial-css-filter;.gitignore;21;1;1;48
trial-css-filter;.gitignore;22;1;1;8
trial-css-filter;.gitignore;23;1;1;6
trial-css-filter;.gitignore;24;1;1;0
trial-css-filter;.gitignore;25;1;1;19
trial-css-filter;.gitignore;26;1;1;11
trial-css-filter;.gitignore;27;1;1;0
trial-css-filter;.gitignore;28;1;1;86
trial-css-filter;.gitignore;29;1;1;6
trial-css-filter;.gitignore;30;1;1;0
trial-css-filter;.gitignore;31;1;1;48
trial-css-filter;.gitignore;32;1;1;16
trial-css-filter;.gitignore;33;1;1;0
trial-css-filter;.gitignore;34;1;1;24
trial-css-filter;.gitignore;35;1;1;13
trial-css-filter;.gitignore;36;1;1;0
trial-css-filter;.gitignore;37;1;1;61
trial-css-filter;.gitignore;38;1;1;13
trial-css-filter;.gitignore;39;1;1;0
trial-css-filter;.gitignore;40;1;1;24
trial-css-filter;.gitignore;41;1;1;13
trial-css-filter;.gitignore;42;1;1;14
trial-css-filter;.gitignore;43;1;1;0
trial-css-filter;.gitignore;44;1;1;33
trial-css-filter;.gitignore;45;1;1;8
trial-css-filter;.gitignore;46;1;1;0
trial-css-filter;.gitignore;47;1;1;18
trial-css-filter;.gitignore;48;1;1;13
trial-css-filter;.gitignore;49;1;1;0
trial-css-filter;.gitignore;50;1;1;30
trial-css-filter;.gitignore;51;1;1;4
trial-css-filter;.gitignore;52;1;1;0
trial-css-filter;.gitignore;53;1;1;23
trial-css-filter;.gitignore;54;1;1;12
trial-css-filter;.gitignore;55;1;1;0
trial-css-filter;.gitignore;56;1;1;19
trial-css-filter;.gitignore;57;1;1;12
trial-css-filter;.gitignore;58;1;1;16
trial-css-filter;.gitignore;59;1;1;15
trial-css-filter;.gitignore;60;1;1;16
trial-css-filter;.gitignore;61;1;1;0
trial-css-filter;.gitignore;62;1;1;23
trial-css-filter;.gitignore;63;1;1;18
trial-css-filter;.gitignore;64;1;1;0
trial-css-filter;.gitignore;65;1;1;22
trial-css-filter;.gitignore;66;1;1;5
trial-css-filter;.gitignore;67;1;1;0
trial-css-filter;.gitignore;68;1;1;21
trial-css-filter;.gitignore;69;1;1;15
trial-css-filter;.gitignore;70;1;1;0
trial-css-filter;.gitignore;71;1;1;35
trial-css-filter;.gitignore;72;1;1;4
trial-css-filter;.gitignore;73;1;1;9
trial-css-filter;.gitignore;74;1;1;0
trial-css-filter;.gitignore;75;1;1;46
trial-css-filter;.gitignore;76;1;1;6
trial-css-filter;.gitignore;77;1;1;0
trial-css-filter;.gitignore;78;1;1;22
trial-css-filter;.gitignore;79;1;1;5
trial-css-filter;.gitignore;80;1;1;0
trial-css-filter;.gitignore;81;1;1;33
trial-css-filter;.gitignore;82;1;1;5
trial-css-filter;.gitignore;83;1;1;4
trial-css-filter;.gitignore;84;1;1;0
trial-css-filter;.gitignore;85;1;1;14
trial-css-filter;.gitignore;86;1;1;7
trial-css-filter;.gitignore;87;1;1;77
trial-css-filter;.gitignore;88;1;1;59
trial-css-filter;.gitignore;89;1;1;8
trial-css-filter;.gitignore;90;1;1;0
trial-css-filter;.gitignore;91;1;1;23
trial-css-filter;.gitignore;92;1;1;14
trial-css-filter;.gitignore;93;1;1;0
trial-css-filter;.gitignore;94;1;1;24
trial-css-filter;.gitignore;95;1;1;12
trial-css-filter;.gitignore;96;1;1;0
trial-css-filter;.gitignore;97;1;1;15
trial-css-filter;.gitignore;98;1;1;9
trial-css-filter;.gitignore;99;1;1;0
trial-css-filter;.gitignore;100;1;1;22
trial-css-filter;.gitignore;101;1;1;10
trial-css-filter;.gitignore;102;1;1;0
trial-css-filter;.gitignore;103;1;1;18
trial-css-filter;.gitignore;104;1;1;10
trial-css-filter;LICENSE;1;1;1;11
trial-css-filter;LICENSE;2;1;1;0
trial-css-filter;LICENSE;3;1;1;36
trial-css-filter;LICENSE;4;1;1;0
trial-css-filter;LICENSE;5;1;1;76
trial-css-filter;LICENSE;6;1;1;77
trial-css-filter;LICENSE;7;1;1;76
trial-css-filter;LICENSE;8;1;1;73
trial-css-filter;LICENSE;9;1;1;69
trial-css-filter;LICENSE;10;1;1;56
trial-css-filter;LICENSE;11;1;1;0
trial-css-filter;LICENSE;12;1;1;78
trial-css-filter;LICENSE;13;1;1;47
trial-css-filter;LICENSE;14;1;1;0
trial-css-filter;LICENSE;15;1;1;74
trial-css-filter;LICENSE;16;1;1;72
trial-css-filter;LICENSE;17;1;1;75
trial-css-filter;LICENSE;18;1;1;70
trial-css-filter;LICENSE;19;1;1;77
trial-css-filter;LICENSE;20;1;1;77
trial-css-filter;LICENSE;21;1;1;9
trial-css-filter;README.md;1;1;1;12
trial-css-filter;README.md;2;1;1;0
trial-css-filter;README.md;3;1;1;30
trial-css-filter;index.htm;1;1;1;15
trial-css-filter;index.htm;2;1;1;16
trial-css-filter;index.htm;3;1;1;6
trial-css-filter;index.htm;4;1;1;22
trial-css-filter;index.htm;5;1;1;31
trial-css-filter;index.htm;6;1;1;39
trial-css-filter;index.htm;7;1;1;7
trial-css-filter;index.htm;8;1;1;0
trial-css-filter;index.htm;9;1;1;6
trial-css-filter;index.htm;10;1;1;25
trial-css-filter;index.htm;11;1;1;23
trial-css-filter;index.htm;12;1;1;31
trial-css-filter;index.htm;13;1;1;7
trial-css-filter;index.htm;14;1;1;7
trial-css-filter;main.css;1;1;1;6
trial-css-filter;main.css;2;1;1;28
trial-css-filter;main.css;3;1;1;1
trial-css-filter;main.css;4;1;1;0
trial-css-filter;main.css;5;1;1;8
trial-css-filter;main.css;6;1;1;14
trial-css-filter;main.css;7;1;1;12
trial-css-filter;main.css;8;1;1;1
trial-css-filter;main.css;9;1;1;0
trial-css-filter;main.css;10;1;1;5
trial-css-filter;main.css;11;1;1;12
trial-css-filter;main.css;12;1;1;13
trial-css-filter;main.css;13;1;1;12
trial-css-filter;main.css;14;1;1;14
trial-css-filter;main.css;15;1;1;20
trial-css-filter;main.css;16;1;1;24
trial-css-filter;main.css;17;1;1;1
trial-css-filter;main.css;18;1;1;0
trial-css-filter;main.css;19;1;1;7
trial-css-filter;main.css;20;1;1;12
trial-css-filter;main.css;21;1;1;12
trial-css-filter;main.css;22;1;1;20
trial-css-filter;main.css;23;1;1;19
trial-css-filter;main.css;24;1;1;26
trial-css-filter;main.css;25;1;1;36
trial-css-filter;main.css;26;1;1;28
trial-css-filter;main.css;27;1;1;25
trial-css-filter;main.css;28;1;1;1
trial-css-filter;main.css;29;1;1;0
trial-css-filter;main.css;30;1;1;14
trial-css-filter;main.css;31;1;1;15
trial-css-filter;main.css;32;1;1;12
trial-css-filter;main.css;33;1;1;20
trial-css-filter;main.css;34;1;1;11
trial-css-filter;main.css;35;1;1;13
trial-css-filter;main.css;36;1;1;19
trial-css-filter;main.css;37;1;1;10
trial-css-filter;main.css;38;1;1;1
trial-css-filter;main.js;1;1;1;85
trial-css-filter;main.js;2;1;1;128
trial-css-filter;main.js;3;1;1;47
trial-css-filter;main.js;4;1;1;0
trial-css-filter;main.js;5;1;1;47
trial-css-filter;main.js;6;1;1;17
trial-css-filter;main.js;7;1;1;7
trial-css-filter;main.js;8;1;1;12
trial-css-filter;main.js;9;1;1;12
trial-css-filter;main.js;10;1;1;31
trial-css-filter;main.js;11;1;1;19
trial-css-filter;main.js;12;1;1;16
trial-css-filter;main.js;13;1;1;17
trial-css-filter;main.js;14;1;1;14
trial-css-filter;main.js;15;1;1;17
trial-css-filter;main.js;16;1;1;15
trial-css-filter;main.js;17;1;1;20
trial-css-filter;main.js;18;1;1;21
trial-css-filter;main.js;19;1;1;21
trial-css-filter;main.js;20;1;1;15
trial-css-filter;main.js;21;1;1;12
trial-css-filter;main.js;22;1;1;15
trial-css-filter;main.js;23;1;1;14
trial-css-filter;main.js;24;1;1;16
trial-css-filter;main.js;25;1;1;14
trial-css-filter;main.js;26;1;1;13
trial-css-filter;main.js;27;1;1;11
trial-css-filter;main.js;28;1;1;37
trial-css-filter;main.js;29;1;1;37
trial-css-filter;main.js;30;1;1;15
trial-css-filter;main.js;31;1;1;51
trial-css-filter;main.js;32;1;1;65
trial-css-filter;main.js;33;1;1;65
trial-css-filter;main.js;34;1;1;25
trial-css-filter;main.js;35;1;1;37
trial-css-filter;main.js;36;1;1;51
trial-css-filter;main.js;37;1;1;52
trial-css-filter;main.js;38;1;1;26
trial-css-filter;main.js;39;1;1;12
trial-css-filter;main.js;40;1;1;38
trial-css-filter;main.js;41;1;1;38
trial-css-filter;main.js;42;1;1;17
trial-css-filter;main.js;43;1;1;27
trial-css-filter;main.js;44;1;1;2
trial-css-filter;main.js;45;1;1;0
trial-css-filter;main.js;46;1;1;67
trial-css-filter;main.js;47;1;1;20
trial-css-filter;main.js;48;1;1;19
trial-css-filter;main.js;49;1;1;168
trial-css-filter;main.js;50;1;1;6
trial-css-filter;main.js;51;1;1;18